YEAR,ORIGIN,AGEGROUP,SPECIMEN,PATHOGEN,ANTIBIOTIC,RESISTANT,INTERMEDIATE,NONSUSCEPTIBLE,SUSCEPTIBLE,UNKNOWN_NO_AST,UNKNOWN_NO_BREAKPOINTS
2017,CO,~14,URINE,ESCCOL,AMP,3731,53,13,5351,168,0
2017,CO,~14,URINE,ESCCOL,IPM,2,4,0,8414,852,44
2017,CO,~14,URINE,ESCCOL,MEM,5,1,0,9265,3,42
2017,CO,~14,URINE,ESCCOL,DOR,0,0,0,0,8890,426
2017,CO,~14,URINE,ESCCOL,CTX,1103,37,0,6299,1767,110
2017,CO,~14,URINE,ESCCOL,CRO,860,14,0,5554,2879,9
2017,CO,~14,URINE,ESCCOL,CAZ,464,211,0,8378,196,67
2017,CO,~14,URINE,ESCCOL,FEP,599,74,2,7756,881,4
2017,CO,~14,URINE,ESCCOL,COL,0,0,0,0,9256,60
2017,CO,~14,URINE,ESCCOL,LVX,1625,79,7,7292,313,0
2017,CO,~14,URINE,ESCCOL,CIP,837,8,6,3536,4920,9
2017,CO,~14,URINE,ESCCOL,J01EE,1447,0,0,5872,1922,75
2017,CO,~14,URINE,KLEPNE,IPM,0,2,0,1022,113,6
2017,CO,~14,URINE,KLEPNE,MEM,2,2,0,1133,0,6
2017,CO,~14,URINE,KLEPNE,DOR,0,0,0,0,1082,61
2017,CO,~14,URINE,KLEPNE,CTX,59,2,0,854,211,17
2017,CO,~14,URINE,KLEPNE,CRO,44,3,0,721,373,2
2017,CO,~14,URINE,KLEPNE,CAZ,37,11,0,1044,42,9
2017,CO,~14,URINE,KLEPNE,FEP,40,9,0,1004,90,0
2017,CO,~14,URINE,KLEPNE,COL,0,0,0,0,1130,13
2017,CO,~14,URINE,KLEPNE,LVX,11,13,0,1057,62,0
2017,CO,~14,URINE,KLEPNE,CIP,12,9,0,521,601,0
2017,CO,~14,URINE,KLEPNE,J01EE,136,0,0,746,252,9
2017,CO,~14,BLOOD,ESCCOL,AMP,70,1,0,101,3,0
2017,CO,~14,BLOOD,ESCCOL,IPM,0,0,0,161,14,0
2017,CO,~14,BLOOD,ESCCOL,MEM,0,0,0,172,3,0
2017,CO,~14,BLOOD,ESCCOL,DOR,0,0,0,0,166,9
2017,CO,~14,BLOOD,ESCCOL,CTX,15,1,0,125,33,1
2017,CO,~14,BLOOD,ESCCOL,CRO,14,0,0,106,55,0
2017,CO,~14,BLOOD,ESCCOL,CAZ,6,4,0,161,2,2
2017,CO,~14,BLOOD,ESCCOL,FEP,8,0,0,146,21,0
2017,CO,~14,BLOOD,ESCCOL,COL,0,0,0,0,173,2
2017,CO,~14,BLOOD,ESCCOL,LVX,23,2,0,144,6,0
2017,CO,~14,BLOOD,ESCCOL,CIP,11,0,0,73,91,0
2017,CO,~14,BLOOD,ESCCOL,J01EE,18,0,0,118,35,4
2017,CO,~14,BLOOD,KLEPNE,IPM,0,0,0,18,3,0
2017,CO,~14,BLOOD,KLEPNE,MEM,0,0,0,20,1,0
2017,CO,~14,BLOOD,KLEPNE,DOR,0,0,0,0,20,1
2017,CO,~14,BLOOD,KLEPNE,CTX,2,0,0,14,5,0
2017,CO,~14,BLOOD,KLEPNE,CRO,1,0,0,14,6,0
2017,CO,~14,BLOOD,KLEPNE,CAZ,0,0,0,20,1,0
2017,CO,~14,BLOOD,KLEPNE,FEP,0,0,0,20,1,0
2017,CO,~14,BLOOD,KLEPNE,COL,0,0,0,0,20,1
2017,CO,~14,BLOOD,KLEPNE,LVX,0,0,0,20,1,0
2017,CO,~14,BLOOD,KLEPNE,CIP,0,0,0,11,10,0
2017,CO,~14,BLOOD,KLEPNE,J01EE,3,0,0,12,6,0
2017,CO,~14,BLOOD,ACISPP,IPM,0,0,0,3,2,0
2017,CO,~14,BLOOD,ACISPP,MEM,0,0,0,5,0,0
2017,CO,~14,BLOOD,ACISPP,DOR,0,0,0,0,3,2
2017,CO,~14,BLOOD,ACISPP,COL,0,0,0,2,3,0
2017,CO,~14,BLOOD,ACISPP,AMK,0,0,0,5,0,0
2017,CO,~14,BLOOD,ACISPP,MNO,0,0,0,5,0,0
2017,CO,~14,BLOOD,STAAUR,OXA,51,0,0,182,0,0
2017,CO,~14,BLOOD,STRPNE,CTX,0,1,0,301,56,0
2017,CO,~14,BLOOD,STRPNE,CRO,0,1,0,289,68,0
2017,CO,~14,BLOOD,STRPNE,J01EE,51,64,0,154,88,1
2017,CO,~14,BLOOD,STRPNE,OXA,0,0,0,0,357,1
2017,CO,~14,BLOOD,STRPNE,PEN,1,1,0,356,0,0
2017,CO,~14,BLOOD,SALSPP,IPM,0,0,0,39,7,0
2017,CO,~14,BLOOD,SALSPP,MEM,0,0,0,43,3,0
2017,CO,~14,BLOOD,SALSPP,DOR,0,0,0,0,42,4
2017,CO,~14,BLOOD,SALSPP,CTX,0,0,0,33,13,0
2017,CO,~14,BLOOD,SALSPP,CRO,0,0,0,34,12,0
2017,CO,~14,BLOOD,SALSPP,CAZ,0,0,0,39,7,0
2017,CO,~14,BLOOD,SALSPP,LVX,0,0,0,46,0,0
2017,CO,~14,BLOOD,SALSPP,CIP,0,0,0,19,27,0
2017,CO,~14,STOOL,SALSPP,IPM,0,0,0,946,94,4
2017,CO,~14,STOOL,SALSPP,MEM,1,0,0,997,42,4
2017,CO,~14,STOOL,SALSPP,DOR,0,0,0,0,1005,39
2017,CO,~14,STOOL,SALSPP,CTX,9,0,0,769,258,8
2017,CO,~14,STOOL,SALSPP,CRO,14,2,0,699,326,3
2017,CO,~14,STOOL,SALSPP,CAZ,10,2,0,956,69,7
2017,CO,~14,STOOL,SALSPP,LVX,2,6,0,1036,0,0
2017,CO,~14,STOOL,SALSPP,CIP,3,1,0,486,552,2
2017,CO,~14,STOOL,SHISPP,CTX,1,0,0,4,2,0
2017,CO,~14,STOOL,SHISPP,CRO,0,0,0,5,2,0
2017,CO,~14,STOOL,SHISPP,CAZ,0,1,0,6,0,0
2017,CO,~14,STOOL,SHISPP,LVX,1,1,0,5,0,0
2017,CO,~14,STOOL,SHISPP,CIP,1,0,0,1,5,0
2017,CO,15~64,URINE,ESCCOL,AMP,13162,246,50,23977,2468,2
2017,CO,15~64,URINE,ESCCOL,IPM,10,13,0,34954,4578,350
2017,CO,15~64,URINE,ESCCOL,MEM,8,4,0,38770,808,315
2017,CO,15~64,URINE,ESCCOL,DOR,0,0,0,0,37514,2391
2017,CO,15~64,URINE,ESCCOL,CTX,3397,108,29,25565,10442,364
2017,CO,15~64,URINE,ESCCOL,CRO,3260,55,7,25598,10956,29
2017,CO,15~64,URINE,ESCCOL,CAZ,1732,752,2,35142,1821,456
2017,CO,15~64,URINE,ESCCOL,FEP,2233,263,12,31918,5463,16
2017,CO,15~64,URINE,ESCCOL,COL,0,0,0,0,39438,467
2017,CO,15~64,URINE,ESCCOL,LVX,8170,480,27,31228,0,0
2017,CO,15~64,URINE,ESCCOL,CIP,4047,78,15,14464,21279,22
2017,CO,15~64,URINE,ESCCOL,J01EE,4980,0,0,25883,8942,100
2017,CO,15~64,URINE,KLEPNE,IPM,1,9,0,3936,392,22
2017,CO,15~64,URINE,KLEPNE,MEM,1,2,0,4313,23,21
2017,CO,15~64,URINE,KLEPNE,DOR,0,0,0,0,4075,285
2017,CO,15~64,URINE,KLEPNE,CTX,222,5,2,3048,1047,36
2017,CO,15~64,URINE,KLEPNE,CRO,199,4,2,2942,1205,8
2017,CO,15~64,URINE,KLEPNE,CAZ,116,36,0,4058,109,41
2017,CO,15~64,URINE,KLEPNE,FEP,124,19,3,3698,514,2
2017,CO,15~64,URINE,KLEPNE,COL,0,0,0,0,4303,57
2017,CO,15~64,URINE,KLEPNE,LVX,97,58,0,4181,24,0
2017,CO,15~64,URINE,KLEPNE,CIP,59,31,0,1939,2331,0
2017,CO,15~64,URINE,KLEPNE,J01EE,413,0,0,2966,971,10
2017,CO,15~64,BLOOD,ESCCOL,AMP,1356,24,2,2564,82,0
2017,CO,15~64,BLOOD,ESCCOL,IPM,2,0,0,3685,328,13
2017,CO,15~64,BLOOD,ESCCOL,MEM,0,0,0,4011,4,13
2017,CO,15~64,BLOOD,ESCCOL,DOR,0,0,0,0,3770,258
2017,CO,15~64,BLOOD,ESCCOL,CTX,376,8,1,2709,912,22
2017,CO,15~64,BLOOD,ESCCOL,CRO,364,4,0,2596,1063,1
2017,CO,15~64,BLOOD,ESCCOL,CAZ,197,79,0,3660,60,32
2017,CO,15~64,BLOOD,ESCCOL,FEP,260,34,2,3442,290,0
2017,CO,15~64,BLOOD,ESCCOL,COL,0,0,0,0,3970,58
2017,CO,15~64,BLOOD,ESCCOL,LVX,767,43,2,3135,81,0
2017,CO,15~64,BLOOD,ESCCOL,CIP,388,6,2,1560,2067,5
2017,CO,15~64,BLOOD,ESCCOL,J01EE,553,0,0,2566,888,21
2017,CO,15~64,BLOOD,KLEPNE,IPM,0,0,0,1091,103,4
2017,CO,15~64,BLOOD,KLEPNE,MEM,0,0,0,1189,5,4
2017,CO,15~64,BLOOD,KLEPNE,DOR,0,0,0,0,1117,81
2017,CO,15~64,BLOOD,KLEPNE,CTX,25,1,0,874,289,9
2017,CO,15~64,BLOOD,KLEPNE,CRO,30,3,0,855,310,0
2017,CO,15~64,BLOOD,KLEPNE,CAZ,17,3,0,1140,27,11
2017,CO,15~64,BLOOD,KLEPNE,FEP,16,1,0,1076,105,0
2017,CO,15~64,BLOOD,KLEPNE,COL,0,0,0,0,1179,19
2017,CO,15~64,BLOOD,KLEPNE,LVX,11,7,0,1145,35,0
2017,CO,15~64,BLOOD,KLEPNE,CIP,9,5,0,526,658,0
2017,CO,15~64,BLOOD,KLEPNE,J01EE,65,0,0,886,243,4
2017,CO,15~64,BLOOD,ACISPP,IPM,0,0,0,15,12,0
2017,CO,15~64,BLOOD,ACISPP,MEM,0,0,0,27,0,0
2017,CO,15~64,BLOOD,ACISPP,DOR,0,0,0,0,20,7
2017,CO,15~64,BLOOD,ACISPP,COL,0,0,0,7,20,0
2017,CO,15~64,BLOOD,ACISPP,AMK,0,0,0,26,1,0
2017,CO,15~64,BLOOD,ACISPP,MNO,0,0,0,22,5,0
2017,CO,15~64,BLOOD,STAAUR,OXA,336,0,0,1274,0,0
2017,CO,15~64,BLOOD,STRPNE,CTX,0,6,0,412,75,0
2017,CO,15~64,BLOOD,STRPNE,CRO,1,2,0,454,36,0
2017,CO,15~64,BLOOD,STRPNE,J01EE,92,43,1,248,104,5
2017,CO,15~64,BLOOD,STRPNE,OXA,0,0,0,0,490,3
2017,CO,15~64,BLOOD,STRPNE,PEN,0,3,0,490,0,0
2017,CO,15~64,BLOOD,SALSPP,IPM,0,0,0,79,16,0
2017,CO,15~64,BLOOD,SALSPP,MEM,0,0,0,87,8,0
2017,CO,15~64,BLOOD,SALSPP,DOR,0,0,0,0,91,4
2017,CO,15~64,BLOOD,SALSPP,CTX,2,1,0,74,18,0
2017,CO,15~64,BLOOD,SALSPP,CRO,2,1,0,63,29,0
2017,CO,15~64,BLOOD,SALSPP,CAZ,2,0,0,91,2,0
2017,CO,15~64,BLOOD,SALSPP,LVX,5,1,0,86,3,0
2017,CO,15~64,BLOOD,SALSPP,CIP,4,1,0,28,62,0
2017,CO,15~64,STOOL,SALSPP,IPM,0,1,0,795,93,3
2017,CO,15~64,STOOL,SALSPP,MEM,0,0,0,861,29,2
2017,CO,15~64,STOOL,SALSPP,DOR,0,0,0,0,840,52
2017,CO,15~64,STOOL,SALSPP,CTX,19,2,0,632,238,1
2017,CO,15~64,STOOL,SALSPP,CRO,14,2,0,619,256,1
2017,CO,15~64,STOOL,SALSPP,CAZ,23,1,0,807,58,3
2017,CO,15~64,STOOL,SALSPP,LVX,9,3,0,876,4,0
2017,CO,15~64,STOOL,SALSPP,CIP,8,1,0,368,514,1
2017,CO,15~64,STOOL,SHISPP,CTX,3,0,0,27,15,0
2017,CO,15~64,STOOL,SHISPP,CRO,4,0,0,24,17,0
2017,CO,15~64,STOOL,SHISPP,CAZ,0,0,0,43,2,0
2017,CO,15~64,STOOL,SHISPP,LVX,3,16,0,20,6,0
2017,CO,15~64,STOOL,SHISPP,CIP,10,0,0,6,29,0
2017,CO,65~,URINE,ESCCOL,AMP,54250,1132,273,72352,6236,28
2017,CO,65~,URINE,ESCCOL,IPM,29,65,0,119952,13099,1126
2017,CO,65~,URINE,ESCCOL,MEM,49,15,0,131302,1877,1028
2017,CO,65~,URINE,ESCCOL,DOR,0,0,0,0,126378,7893
2017,CO,65~,URINE,ESCCOL,CTX,19684,423,99,81119,31785,1161
2017,CO,65~,URINE,ESCCOL,CRO,18520,222,39,78369,37028,93
2017,CO,65~,URINE,ESCCOL,CAZ,10389,4386,12,114774,3340,1370
2017,CO,65~,URINE,ESCCOL,FEP,13259,1657,71,103090,16108,86
2017,CO,65~,URINE,ESCCOL,COL,0,0,0,0,132779,1492
2017,CO,65~,URINE,ESCCOL,LVX,46595,3360,238,84078,0,0
2017,CO,65~,URINE,ESCCOL,CIP,23005,341,137,39117,71628,43
2017,CO,65~,URINE,ESCCOL,J01EE,18810,0,0,86959,28037,465
2017,CO,65~,URINE,KLEPNE,IPM,9,65,0,23391,2185,247
2017,CO,65~,URINE,KLEPNE,MEM,13,5,0,25612,34,233
2017,CO,65~,URINE,KLEPNE,DOR,0,0,0,0,24395,1502
2017,CO,65~,URINE,KLEPNE,CTX,1165,49,9,18665,5717,292
2017,CO,65~,URINE,KLEPNE,CRO,1067,42,2,17723,7033,30
2017,CO,65~,URINE,KLEPNE,CAZ,652,158,0,24354,414,319
2017,CO,65~,URINE,KLEPNE,FEP,699,117,5,22295,2773,8
2017,CO,65~,URINE,KLEPNE,COL,0,0,0,0,25619,278
2017,CO,65~,URINE,KLEPNE,LVX,498,304,4,25010,81,0
2017,CO,65~,URINE,KLEPNE,CIP,350,162,4,11424,13956,1
2017,CO,65~,URINE,KLEPNE,J01EE,1995,0,0,18642,5177,83
2017,CO,65~,BLOOD,ESCCOL,AMP,10637,219,28,17160,944,0
2017,CO,65~,BLOOD,ESCCOL,IPM,3,9,0,26371,2452,153
2017,CO,65~,BLOOD,ESCCOL,MEM,6,3,0,28837,0,142
2017,CO,65~,BLOOD,ESCCOL,DOR,0,0,0,0,27429,1559
2017,CO,65~,BLOOD,ESCCOL,CTX,3790,91,14,18229,6661,203
2017,CO,65~,BLOOD,ESCCOL,CRO,3486,44,5,17388,8060,5
2017,CO,65~,BLOOD,ESCCOL,CAZ,2114,751,1,25603,276,243
2017,CO,65~,BLOOD,ESCCOL,FEP,2671,357,10,23562,2380,8
2017,CO,65~,BLOOD,ESCCOL,COL,0,0,0,0,28721,267
2017,CO,65~,BLOOD,ESCCOL,LVX,7419,360,22,20662,525,0
2017,CO,65~,BLOOD,ESCCOL,CIP,3663,62,12,9911,15317,23
2017,CO,65~,BLOOD,ESCCOL,J01EE,3936,0,0,18906,5979,167
2017,CO,65~,BLOOD,KLEPNE,IPM,2,12,0,7836,634,50
2017,CO,65~,BLOOD,KLEPNE,MEM,4,1,0,8484,0,45
2017,CO,65~,BLOOD,KLEPNE,DOR,0,0,0,0,8074,460
2017,CO,65~,BLOOD,KLEPNE,CTX,257,10,4,6343,1858,62
2017,CO,65~,BLOOD,KLEPNE,CRO,203,7,1,5999,2324,0
2017,CO,65~,BLOOD,KLEPNE,CAZ,146,38,0,8141,136,73
2017,CO,65~,BLOOD,KLEPNE,FEP,148,32,2,7604,746,2
2017,CO,65~,BLOOD,KLEPNE,COL,0,0,0,0,8438,96
2017,CO,65~,BLOOD,KLEPNE,LVX,103,55,0,8157,219,0
2017,CO,65~,BLOOD,KLEPNE,CIP,76,34,1,3765,4658,0
2017,CO,65~,BLOOD,KLEPNE,J01EE,425,0,0,6299,1755,55
2017,CO,65~,BLOOD,ACISPP,IPM,0,0,0,76,52,0
2017,CO,65~,BLOOD,ACISPP,MEM,0,0,0,126,1,1
2017,CO,65~,BLOOD,ACISPP,DOR,0,0,0,0,90,38
2017,CO,65~,BLOOD,ACISPP,COL,1,0,0,32,95,0
2017,CO,65~,BLOOD,ACISPP,AMK,1,0,0,126,1,0
2017,CO,65~,BLOOD,ACISPP,MNO,0,0,0,111,17,0
2017,CO,65~,BLOOD,STAAUR,OXA,1525,0,0,3155,0,0
2017,CO,65~,BLOOD,STRPNE,CTX,2,3,0,1015,251,0
2017,CO,65~,BLOOD,STRPNE,CRO,4,5,0,1131,131,0
2017,CO,65~,BLOOD,STRPNE,J01EE,165,128,0,693,281,4
2017,CO,65~,BLOOD,STRPNE,OXA,0,0,0,0,1258,13
2017,CO,65~,BLOOD,STRPNE,PEN,1,7,0,1263,0,0
2017,CO,65~,BLOOD,SALSPP,IPM,0,0,0,114,11,0
2017,CO,65~,BLOOD,SALSPP,MEM,0,0,0,116,9,0
2017,CO,65~,BLOOD,SALSPP,DOR,0,0,0,0,118,7
2017,CO,65~,BLOOD,SALSPP,CTX,0,0,0,88,37,0
2017,CO,65~,BLOOD,SALSPP,CRO,0,0,0,77,48,0
2017,CO,65~,BLOOD,SALSPP,CAZ,0,0,0,117,8,0
2017,CO,65~,BLOOD,SALSPP,LVX,1,1,0,121,2,0
2017,CO,65~,BLOOD,SALSPP,CIP,0,1,0,58,66,0
2017,CO,65~,STOOL,SALSPP,IPM,0,0,0,279,34,1
2017,CO,65~,STOOL,SALSPP,MEM,0,0,0,308,6,0
2017,CO,65~,STOOL,SALSPP,DOR,0,0,0,0,300,14
2017,CO,65~,STOOL,SALSPP,CTX,4,0,0,227,82,1
2017,CO,65~,STOOL,SALSPP,CRO,4,0,0,210,100,0
2017,CO,65~,STOOL,SALSPP,CAZ,5,0,0,299,10,0
2017,CO,65~,STOOL,SALSPP,LVX,2,0,0,312,0,0
2017,CO,65~,STOOL,SALSPP,CIP,0,0,0,132,182,0
2017,CO,65~,STOOL,SHISPP,CTX,0,0,0,1,4,0
2017,CO,65~,STOOL,SHISPP,CRO,0,0,0,4,1,0
2017,CO,65~,STOOL,SHISPP,CAZ,0,0,0,5,0,0
2017,CO,65~,STOOL,SHISPP,LVX,0,3,0,2,0,0
2017,CO,65~,STOOL,SHISPP,CIP,2,0,0,1,2,0
2017,HO,~14,URINE,ESCCOL,AMP,2233,32,9,2583,203,0
2017,HO,~14,URINE,ESCCOL,IPM,2,8,0,4604,433,13
2017,HO,~14,URINE,ESCCOL,MEM,5,1,0,4992,49,13
2017,HO,~14,URINE,ESCCOL,DOR,0,0,0,0,4788,272
2017,HO,~14,URINE,ESCCOL,CTX,779,30,7,3207,1005,32
2017,HO,~14,URINE,ESCCOL,CRO,666,17,7,2829,1533,8
2017,HO,~14,URINE,ESCCOL,CAZ,404,190,0,4426,23,17
2017,HO,~14,URINE,ESCCOL,FEP,496,50,5,3942,565,2
2017,HO,~14,URINE,ESCCOL,COL,0,0,0,0,4983,77
2017,HO,~14,URINE,ESCCOL,LVX,1059,39,6,3719,237,0
2017,HO,~14,URINE,ESCCOL,CIP,569,13,0,1805,2670,3
2017,HO,~14,URINE,ESCCOL,J01EE,815,0,0,2944,1260,41
2017,HO,~14,URINE,KLEPNE,IPM,8,6,0,787,97,3
2017,HO,~14,URINE,KLEPNE,MEM,14,7,0,868,9,3
2017,HO,~14,URINE,KLEPNE,DOR,0,0,0,0,844,57
2017,HO,~14,URINE,KLEPNE,CTX,108,6,0,617,157,13
2017,HO,~14,URINE,KLEPNE,CRO,103,3,0,507,286,2
2017,HO,~14,URINE,KLEPNE,CAZ,85,23,0,778,11,4
2017,HO,~14,URINE,KLEPNE,FEP,74,15,0,723,89,0
2017,HO,~14,URINE,KLEPNE,COL,0,0,0,0,875,26
2017,HO,~14,URINE,KLEPNE,LVX,22,18,0,812,49,0
2017,HO,~14,URINE,KLEPNE,CIP,21,13,0,386,481,0
2017,HO,~14,URINE,KLEPNE,J01EE,141,0,0,520,237,3
2017,HO,~14,BLOOD,ESCCOL,AMP,167,1,0,148,11,0
2017,HO,~14,BLOOD,ESCCOL,IPM,0,1,0,302,23,1
2017,HO,~14,BLOOD,ESCCOL,MEM,0,1,0,313,12,1
2017,HO,~14,BLOOD,ESCCOL,DOR,0,0,0,0,301,26
2017,HO,~14,BLOOD,ESCCOL,CTX,54,1,0,215,55,2
2017,HO,~14,BLOOD,ESCCOL,CRO,43,2,0,175,107,0
2017,HO,~14,BLOOD,ESCCOL,CAZ,27,11,0,282,6,1
2017,HO,~14,BLOOD,ESCCOL,FEP,36,6,0,259,26,0
2017,HO,~14,BLOOD,ESCCOL,COL,0,0,0,0,314,13
2017,HO,~14,BLOOD,ESCCOL,LVX,71,2,0,228,26,0
2017,HO,~14,BLOOD,ESCCOL,CIP,41,1,0,114,171,0
2017,HO,~14,BLOOD,ESCCOL,J01EE,72,0,0,166,82,7
2017,HO,~14,BLOOD,KLEPNE,IPM,1,1,0,110,11,2
2017,HO,~14,BLOOD,KLEPNE,MEM,3,0,0,120,0,2
2017,HO,~14,BLOOD,KLEPNE,DOR,0,0,0,0,114,11
2017,HO,~14,BLOOD,KLEPNE,CTX,18,0,0,77,27,3
2017,HO,~14,BLOOD,KLEPNE,CRO,14,0,0,68,43,0
2017,HO,~14,BLOOD,KLEPNE,CAZ,14,2,0,104,3,2
2017,HO,~14,BLOOD,KLEPNE,FEP,8,1,0,113,3,0
2017,HO,~14,BLOOD,KLEPNE,COL,0,0,0,0,118,7
2017,HO,~14,BLOOD,KLEPNE,LVX,5,5,0,110,5,0
2017,HO,~14,BLOOD,KLEPNE,CIP,5,0,0,59,61,0
2017,HO,~14,BLOOD,KLEPNE,J01EE,22,0,0,62,36,5
2017,HO,~14,BLOOD,ACISPP,IPM,1,0,0,11,14,0
2017,HO,~14,BLOOD,ACISPP,MEM,1,0,0,25,0,0
2017,HO,~14,BLOOD,ACISPP,DOR,0,0,0,0,11,15
2017,HO,~14,BLOOD,ACISPP,COL,2,0,0,11,13,0
2017,HO,~14,BLOOD,ACISPP,AMK,0,0,0,25,1,0
2017,HO,~14,BLOOD,ACISPP,MNO,0,0,0,22,4,0
2017,HO,~14,BLOOD,STAAUR,OXA,210,0,0,390,0,0
2017,HO,~14,BLOOD,STRPNE,CTX,0,2,0,141,32,0
2017,HO,~14,BLOOD,STRPNE,CRO,0,1,0,149,25,0
2017,HO,~14,BLOOD,STRPNE,J01EE,34,22,0,73,46,0
2017,HO,~14,BLOOD,STRPNE,OXA,0,0,0,0,174,1
2017,HO,~14,BLOOD,STRPNE,PEN,1,0,0,174,0,0
2017,HO,~14,BLOOD,SALSPP,IPM,0,0,0,31,4,0
2017,HO,~14,BLOOD,SALSPP,MEM,0,0,0,32,3,0
2017,HO,~14,BLOOD,SALSPP,DOR,0,0,0,0,34,1
2017,HO,~14,BLOOD,SALSPP,CTX,0,0,0,27,8,0
2017,HO,~14,BLOOD,SALSPP,CRO,0,0,0,22,13,0
2017,HO,~14,BLOOD,SALSPP,CAZ,0,0,0,32,3,0
2017,HO,~14,BLOOD,SALSPP,LVX,1,0,0,32,2,0
2017,HO,~14,BLOOD,SALSPP,CIP,0,0,0,13,22,0
2017,HO,~14,STOOL,SALSPP,IPM,0,1,0,320,32,0
2017,HO,~14,STOOL,SALSPP,MEM,0,1,0,296,56,0
2017,HO,~14,STOOL,SALSPP,DOR,0,0,0,0,342,11
2017,HO,~14,STOOL,SALSPP,CTX,5,0,0,244,102,2
2017,HO,~14,STOOL,SALSPP,CRO,5,0,0,239,108,1
2017,HO,~14,STOOL,SALSPP,CAZ,3,1,0,304,43,2
2017,HO,~14,STOOL,SALSPP,LVX,2,7,0,324,20,0
2017,HO,~14,STOOL,SALSPP,CIP,0,0,0,126,227,0
2017,HO,~14,STOOL,SHISPP,CTX,0,0,0,0,0,0
2017,HO,~14,STOOL,SHISPP,CRO,0,0,0,0,0,0
2017,HO,~14,STOOL,SHISPP,CAZ,0,0,0,0,0,0
2017,HO,~14,STOOL,SHISPP,LVX,0,0,0,0,0,0
2017,HO,~14,STOOL,SHISPP,CIP,0,0,0,0,0,0
2017,HO,15~64,URINE,ESCCOL,AMP,7924,133,39,8647,760,8
2017,HO,15~64,URINE,ESCCOL,IPM,6,15,0,15829,1605,56
2017,HO,15~64,URINE,ESCCOL,MEM,15,2,0,17281,159,54
2017,HO,15~64,URINE,ESCCOL,DOR,0,0,0,0,16204,1307
2017,HO,15~64,URINE,ESCCOL,CTX,2918,77,18,10172,4186,140
2017,HO,15~64,URINE,ESCCOL,CRO,2830,45,14,9956,4639,27
2017,HO,15~64,URINE,ESCCOL,CAZ,1703,724,0,14992,1,91
2017,HO,15~64,URINE,ESCCOL,FEP,2076,269,12,13429,1719,6
2017,HO,15~64,URINE,ESCCOL,COL,0,0,0,0,17123,388
2017,HO,15~64,URINE,ESCCOL,LVX,5866,258,26,11177,184,0
2017,HO,15~64,URINE,ESCCOL,CIP,2881,53,10,5537,9024,6
2017,HO,15~64,URINE,ESCCOL,J01EE,3045,0,0,10059,4328,79
2017,HO,15~64,URINE,KLEPNE,IPM,14,18,0,3790,359,16
2017,HO,15~64,URINE,KLEPNE,MEM,22,8,0,4140,11,16
2017,HO,15~64,URINE,KLEPNE,DOR,0,0,0,0,3866,331
2017,HO,15~64,URINE,KLEPNE,CTX,390,14,3,2741,1010,39
2017,HO,15~64,URINE,KLEPNE,CRO,366,18,2,2648,1150,13
2017,HO,15~64,URINE,KLEPNE,CAZ,279,67,0,3768,51,32
2017,HO,15~64,URINE,KLEPNE,FEP,269,37,3,3466,422,0
2017,HO,15~64,URINE,KLEPNE,COL,0,0,0,0,4088,109
2017,HO,15~64,URINE,KLEPNE,LVX,160,90,0,3868,79,0
2017,HO,15~64,URINE,KLEPNE,CIP,110,54,0,1802,2230,1
2017,HO,15~64,URINE,KLEPNE,J01EE,580,0,0,2580,1022,15
2017,HO,15~64,BLOOD,ESCCOL,AMP,1990,25,9,2225,185,0
2017,HO,15~64,BLOOD,ESCCOL,IPM,1,2,0,4066,354,11
2017,HO,15~64,BLOOD,ESCCOL,MEM,2,0,0,4407,15,10
2017,HO,15~64,BLOOD,ESCCOL,DOR,0,0,0,0,4062,372
2017,HO,15~64,BLOOD,ESCCOL,CTX,692,15,6,2650,1036,35
2017,HO,15~64,BLOOD,ESCCOL,CRO,670,9,4,2514,1233,4
2017,HO,15~64,BLOOD,ESCCOL,CAZ,394,163,0,3797,61,19
2017,HO,15~64,BLOOD,ESCCOL,FEP,474,52,6,3442,460,0
2017,HO,15~64,BLOOD,ESCCOL,COL,0,0,0,0,4329,105
2017,HO,15~64,BLOOD,ESCCOL,LVX,1315,50,6,2935,128,0
2017,HO,15~64,BLOOD,ESCCOL,CIP,665,10,1,1483,2273,2
2017,HO,15~64,BLOOD,ESCCOL,J01EE,831,0,0,2442,1130,31
2017,HO,15~64,BLOOD,KLEPNE,IPM,4,9,0,1812,157,8
2017,HO,15~64,BLOOD,KLEPNE,MEM,11,2,0,1966,4,7
2017,HO,15~64,BLOOD,KLEPNE,DOR,0,0,0,0,1802,188
2017,HO,15~64,BLOOD,KLEPNE,CTX,138,6,0,1339,492,15
2017,HO,15~64,BLOOD,KLEPNE,CRO,126,5,0,1306,550,3
2017,HO,15~64,BLOOD,KLEPNE,CAZ,100,18,0,1803,54,15
2017,HO,15~64,BLOOD,KLEPNE,FEP,91,15,2,1705,177,0
2017,HO,15~64,BLOOD,KLEPNE,COL,0,0,0,0,1940,50
2017,HO,15~64,BLOOD,KLEPNE,LVX,54,20,0,1848,68,0
2017,HO,15~64,BLOOD,KLEPNE,CIP,42,14,0,909,1025,0
2017,HO,15~64,BLOOD,KLEPNE,J01EE,219,0,0,1241,516,14
2017,HO,15~64,BLOOD,ACISPP,IPM,0,0,0,76,74,0
2017,HO,15~64,BLOOD,ACISPP,MEM,1,1,0,146,0,2
2017,HO,15~64,BLOOD,ACISPP,DOR,0,0,0,0,93,57
2017,HO,15~64,BLOOD,ACISPP,COL,3,0,0,40,107,0
2017,HO,15~64,BLOOD,ACISPP,AMK,3,1,0,144,2,0
2017,HO,15~64,BLOOD,ACISPP,MNO,0,4,0,137,9,0
2017,HO,15~64,BLOOD,STAAUR,OXA,1068,0,0,2412,0,0
2017,HO,15~64,BLOOD,STRPNE,CTX,1,1,0,192,66,0
2017,HO,15~64,BLOOD,STRPNE,CRO,0,1,0,232,27,0
2017,HO,15~64,BLOOD,STRPNE,J01EE,42,25,0,130,62,1
2017,HO,15~64,BLOOD,STRPNE,OXA,0,0,0,0,257,3
2017,HO,15~64,BLOOD,STRPNE,PEN,0,1,0,257,2,0
2017,HO,15~64,BLOOD,SALSPP,IPM,0,0,0,71,6,0
2017,HO,15~64,BLOOD,SALSPP,MEM,0,0,0,74,3,0
2017,HO,15~64,BLOOD,SALSPP,DOR,0,0,0,0,72,5
2017,HO,15~64,BLOOD,SALSPP,CTX,1,0,0,54,22,0
2017,HO,15~64,BLOOD,SALSPP,CRO,1,0,0,55,20,1
2017,HO,15~64,BLOOD,SALSPP,CAZ,1,0,0,73,3,0
2017,HO,15~64,BLOOD,SALSPP,LVX,0,0,0,75,2,0
2017,HO,15~64,BLOOD,SALSPP,CIP,0,0,0,34,43,0
2017,HO,15~64,STOOL,SALSPP,IPM,1,0,0,294,36,0
2017,HO,15~64,STOOL,SALSPP,MEM,1,1,0,315,14,0
2017,HO,15~64,STOOL,SALSPP,DOR,0,0,0,0,322,9
2017,HO,15~64,STOOL,SALSPP,CTX,14,0,0,241,76,0
2017,HO,15~64,STOOL,SALSPP,CRO,14,1,0,219,97,0
2017,HO,15~64,STOOL,SALSPP,CAZ,13,4,0,294,20,0
2017,HO,15~64,STOOL,SALSPP,LVX,5,2,0,320,4,0
2017,HO,15~64,STOOL,SALSPP,CIP,4,0,0,129,198,0
2017,HO,15~64,STOOL,SHISPP,CTX,0,0,0,6,1,0
2017,HO,15~64,STOOL,SHISPP,CRO,0,0,0,2,5,0
2017,HO,15~64,STOOL,SHISPP,CAZ,0,0,0,6,1,0
2017,HO,15~64,STOOL,SHISPP,LVX,3,0,0,4,0,0
2017,HO,15~64,STOOL,SHISPP,CIP,3,0,0,2,2,0
2017,HO,65~,URINE,ESCCOL,AMP,52133,1029,247,53770,8424,21
2017,HO,65~,URINE,ESCCOL,IPM,33,60,0,102079,12899,553
2017,HO,65~,URINE,ESCCOL,MEM,91,34,0,113918,1062,519
2017,HO,65~,URINE,ESCCOL,DOR,0,0,0,0,108304,7320
2017,HO,65~,URINE,ESCCOL,CTX,21153,427,249,61903,31106,786
2017,HO,65~,URINE,ESCCOL,CRO,22265,244,104,62858,30040,113
2017,HO,65~,URINE,ESCCOL,CAZ,13034,4969,9,94434,2518,660
2017,HO,65~,URINE,ESCCOL,FEP,16137,1902,112,84722,12710,41
2017,HO,65~,URINE,ESCCOL,COL,0,0,0,0,114473,1151
2017,HO,65~,URINE,ESCCOL,LVX,46048,2535,205,66818,18,0
2017,HO,65~,URINE,ESCCOL,CIP,22405,393,40,31968,60760,58
2017,HO,65~,URINE,ESCCOL,J01EE,17978,0,0,68885,28366,395
2017,HO,65~,URINE,KLEPNE,IPM,30,76,0,25372,2963,151
2017,HO,65~,URINE,KLEPNE,MEM,70,13,1,28362,0,146
2017,HO,65~,URINE,KLEPNE,DOR,0,0,0,0,26816,1776
2017,HO,65~,URINE,KLEPNE,CTX,1971,51,43,18508,7788,231
2017,HO,65~,URINE,KLEPNE,CRO,2105,54,13,18993,7388,39
2017,HO,65~,URINE,KLEPNE,CAZ,1421,319,0,25741,908,203
2017,HO,65~,URINE,KLEPNE,FEP,1455,208,15,23847,3063,4
2017,HO,65~,URINE,KLEPNE,COL,0,0,0,0,28323,269
2017,HO,65~,URINE,KLEPNE,LVX,873,446,4,27034,235,0
2017,HO,65~,URINE,KLEPNE,CIP,602,263,3,12359,15362,3
2017,HO,65~,URINE,KLEPNE,J01EE,2717,0,0,18864,6925,86
2017,HO,65~,BLOOD,ESCCOL,AMP,11137,178,55,14086,1537,0
2017,HO,65~,BLOOD,ESCCOL,IPM,7,12,0,24472,2394,108
2017,HO,65~,BLOOD,ESCCOL,MEM,21,5,0,26864,0,103
2017,HO,65~,BLOOD,ESCCOL,DOR,0,0,0,0,25177,1816
2017,HO,65~,BLOOD,ESCCOL,CTX,4374,100,57,15471,6785,206
2017,HO,65~,BLOOD,ESCCOL,CRO,4305,34,30,15270,7339,15
2017,HO,65~,BLOOD,ESCCOL,CAZ,2732,975,0,22659,486,141
2017,HO,65~,BLOOD,ESCCOL,FEP,3199,399,32,20499,2858,6
2017,HO,65~,BLOOD,ESCCOL,COL,0,0,0,0,26681,312
2017,HO,65~,BLOOD,ESCCOL,LVX,8206,315,48,18042,381,1
2017,HO,65~,BLOOD,ESCCOL,CIP,4081,57,4,8715,14124,12
2017,HO,65~,BLOOD,ESCCOL,J01EE,4129,0,0,15845,6909,110
2017,HO,65~,BLOOD,KLEPNE,IPM,13,15,0,9093,925,58
2017,HO,65~,BLOOD,KLEPNE,MEM,17,7,0,10024,0,56
2017,HO,65~,BLOOD,KLEPNE,DOR,0,0,0,0,9419,685
2017,HO,65~,BLOOD,KLEPNE,CTX,473,21,12,6909,2596,93
2017,HO,65~,BLOOD,KLEPNE,CRO,492,13,4,6760,2821,14
2017,HO,65~,BLOOD,KLEPNE,CAZ,345,69,0,9320,294,76
2017,HO,65~,BLOOD,KLEPNE,FEP,330,63,5,8563,1141,2
2017,HO,65~,BLOOD,KLEPNE,COL,0,0,0,0,9977,127
2017,HO,65~,BLOOD,KLEPNE,LVX,216,98,1,9528,261,0
2017,HO,65~,BLOOD,KLEPNE,CIP,167,59,0,4618,5260,0
2017,HO,65~,BLOOD,KLEPNE,J01EE,788,0,0,6752,2518,46
2017,HO,65~,BLOOD,ACISPP,IPM,8,0,0,330,269,0
2017,HO,65~,BLOOD,ACISPP,MEM,8,0,0,596,2,1
2017,HO,65~,BLOOD,ACISPP,DOR,0,0,0,0,395,212
2017,HO,65~,BLOOD,ACISPP,COL,16,0,0,143,448,0
2017,HO,65~,BLOOD,ACISPP,AMK,5,2,0,596,4,0
2017,HO,65~,BLOOD,ACISPP,MNO,1,4,0,561,41,0
2017,HO,65~,BLOOD,STAAUR,OXA,5060,0,0,6545,0,0
2017,HO,65~,BLOOD,STRPNE,CTX,7,4,0,570,180,0
2017,HO,65~,BLOOD,STRPNE,CRO,7,3,0,692,59,0
2017,HO,65~,BLOOD,STRPNE,J01EE,80,80,0,421,173,7
2017,HO,65~,BLOOD,STRPNE,OXA,0,0,0,0,754,7
2017,HO,65~,BLOOD,STRPNE,PEN,0,7,0,751,3,0
2017,HO,65~,BLOOD,SALSPP,IPM,0,0,0,104,10,1
2017,HO,65~,BLOOD,SALSPP,MEM,0,0,0,101,14,0
2017,HO,65~,BLOOD,SALSPP,DOR,0,0,0,0,108,7
2017,HO,65~,BLOOD,SALSPP,CTX,2,0,0,78,35,0
2017,HO,65~,BLOOD,SALSPP,CRO,1,0,0,66,48,0
2017,HO,65~,BLOOD,SALSPP,CAZ,2,0,0,103,10,0
2017,HO,65~,BLOOD,SALSPP,LVX,0,0,0,114,1,0
2017,HO,65~,BLOOD,SALSPP,CIP,0,0,0,61,54,0
2017,HO,65~,STOOL,SALSPP,IPM,0,1,0,289,39,1
2017,HO,65~,STOOL,SALSPP,MEM,0,0,0,316,13,1
2017,HO,65~,STOOL,SALSPP,DOR,0,0,0,0,305,25
2017,HO,65~,STOOL,SALSPP,CTX,4,0,0,232,93,1
2017,HO,65~,STOOL,SALSPP,CRO,6,0,0,229,95,0
2017,HO,65~,STOOL,SALSPP,CAZ,5,0,0,296,28,1
2017,HO,65~,STOOL,SALSPP,LVX,0,0,0,330,0,0
2017,HO,65~,STOOL,SALSPP,CIP,0,0,0,154,175,1
2017,HO,65~,STOOL,SHISPP,CTX,0,0,0,2,0,0
2017,HO,65~,STOOL,SHISPP,CRO,0,0,0,0,2,0
2017,HO,65~,STOOL,SHISPP,CAZ,0,0,0,2,0,0
2017,HO,65~,STOOL,SHISPP,LVX,0,0,0,2,0,0
2017,HO,65~,STOOL,SHISPP,CIP,0,0,0,1,1,0
